"","file","size.majority","size.minority","perc.size.majority","perc.size.minority","overlapping.F1","overlapping.F2","overlapping.F3","overlapping.F4","overlapping.F2_partial.majority","overlapping.F2_partial.minority","overlapping.F3_partial.majority","overlapping.F3_partial.minority","overlapping.F4_partial.majority","overlapping.F4_partial.minority","neighborhood.N1","neighborhood.N2","neighborhood.N3","neighborhood.N4","neighborhood.T1","neighborhood.N1_partial.minority","neighborhood.N1_partial.majority","neighborhood.N2_partial.majority","neighborhood.N2_partial.minority","neighborhood.N3_partial.majority","neighborhood.N3_partial.minority","neighborhood.N4_partial.majority","neighborhood.N4_partial.minority","neighborhood.T1_partial.majority","neighborhood.T1_partial.minority","linearity.class.L1","linearity.class.L2","linearity.class.L3","linearity.class.L1_partial.majority","linearity.class.L1_partial.minority","linearity.class.L2_partial.majority","linearity.class.L2_partial.minority","linearity.class.L3_partial.majority","linearity.class.L3_partial.minority","bestmodel","bestmodel.gmean","bestmodel.acc","bestmodel.acc_majority","bestmodel.acc_minority"
"1","analcatdata_apnea1.arff",331.2,48.8,0.871579978867035,0.128420021132965,0.889641883102952,0,0.798435639285542,0.726701946227698,0,1,0.768737548380835,1,0.768737548380835,1,0.136650470072993,0.0820052039012824,0.0812968536376364,0.123403943240604,0.133018650928598,0.393580864964678,0.1635751016273,0.0634272755005222,0.28555623209733,0.042350671568449,0.34562925170068,0.0826841146661972,0.376787673603707,0.0862526844538274,0.450433673469388,0.0606848846119725,0.0650690620518706,0.110742783974667,0.0185227108663882,0.272772619146307,0.0297738385566435,0.299914965986395,0.0752470543667807,0.352802405931032,"MLP_1_a-2",0.865649893371164,0.934113475177305,0.955245371730826,0.79051282051282
"2","analcatdata_apnea3.arff",316,44,0.877777777777778,0.122222222222222,0.901108011039518,0,0.794407407407407,0.618518518518519,0,1,0.7657805907173,1,0.7657805907173,1,0.157,0.0917410143740737,0.109333333333333,0.126462962962963,0.14087037037037,0.48506137322593,0.192518220176448,0.0689887250719076,0.354715177071651,0.0674472573839662,0.410151515151515,0.0847777777777778,0.418962962962963,0.0887341772151899,0.51530303030303,0.0650042618610488,0.0731111111111111,0.11287037037037,0.0276075574748588,0.267357776441944,0.0407172995780591,0.302575757575758,0.0813703703703704,0.351722222222222,"MLP_0.7_a-2",0.856309042790756,0.922962962962963,0.942194092827004,0.784848484848485
"3","analcatdata_boxing2.arff",56.8,48.8,0.537880986937591,0.462119013062409,0.903658343211337,0,0.913189404934688,0.809513788098694,0,0.393333333333333,0.841660401002506,0.897225056689342,0.841660401002506,0.897225056689342,0.714452104499274,0.500047165361758,0.354089259796807,0.232443154329947,1,0.723412996777658,0.707261009667025,0.500029238056254,0.500068017956741,0.299605263157895,0.417511337868481,0.225748669569424,0.235626511852927,1,1,0.119465491014789,0.1626862602806,0.170878084179971,0.0882166985316308,0.15324661529164,0.107729741019215,0.226655328798186,0.108009192065796,0.23107160135462,"J48_0.1_4",0.804243689834305,0.816208791208791,0.873873015873016,0.749059829059829
"4","analcatdata_chlamydia.arff",64.8,15.2,0.81001914361619,0.18998085638381,0.861198264258844,0,0.800020732406105,0.371071886232224,0,1,0.753096153846154,1,0.753096153846154,1,0.293693441683596,0.441771744808488,0.236648200239621,0.123713132260249,0.490295202375371,0.625663995726496,0.285311431623932,0.430044886775132,0.500111086425239,0.211105769230769,0.34575,0.113868612283169,0.158958092410272,0.370751602564103,1,0.0175657816896131,0.0506717195395114,0.105240636557796,0.00549830073241164,0.0660189933176515,0.0170689102564102,0.190833333333333,0.0817987966869823,0.211836432775955,"SVM_radial_256_0.03125",0.822331892106858,0.888324143692565,0.916519607843137,0.765555555555556
"5","analcatdata_dmft.arff",513.6,124,0.805520587786598,0.194479412213402,0.992788033741398,0.8,0.994585086506269,0.994585086506269,0.8,1,0.993278115305557,1,0.993278115305557,1,0.182497354861887,0.355808041461182,0.198379797542359,0.224738955625655,0.766238539785338,0.461451612903226,0.115148095053891,0.2478695094337,0.809465865306845,0.0649415583923059,0.751075268817204,0.0521543645188965,0.936816566028389,0.710306985940135,0.997903225806452,0.162811863574614,0.194479412213402,0.195952668021633,0,0.500000377226901,0,1,0,1,"SVM_polynomial_16_256_5",0.447709592189756,0.48727751572327,0.502275113049096,0.42516129032258
"6","analcatdata_election2000.arff",39.2,14.4,0.731408423861254,0.268591576138746,0.444665117905279,9.12993233525298e-07,0.192566376553798,0.00946301590326748,0.0482945194106176,1.48619768838835e-05,0.147735042735043,0.208507936507936,0.147735042735043,0.208507936507936,0.220773309616077,0.338439744383195,0.158773817843,0.0344311458399509,0.284869745674777,0.445196581196581,0.139824786324786,0.248799234601219,0.404240230236217,0.107132478632479,0.299333333333333,0.0301544162802025,0.052252122906211,0.203952991452991,0.505111111111111,0.043355743166722,0.0718780678906465,0.0390093810219596,0.00889066297863272,0.126110736561466,0.0180213675213675,0.218444444444444,0.0067166846663702,0.137883997204752,"SVM_radial_1_4",0.905085622651484,0.918974358974359,0.930592592592593,0.889444444444444
"7","analcatdata_germangss.arff",248,72,0.775,0.225,0.820660104717601,0,0.790354166666667,0.760229166666667,0,1,0.729489247311828,1,0.729489247311828,1,0.366958333333333,0.440501524915001,0.147395833333333,0.1615,0.472958333333333,0.750462962962963,0.255618279569893,0.425793869739066,0.499935938013368,0.0874193548387096,0.353981481481481,0.129708333333333,0.282020833333333,0.323790322580645,0.986759259259259,0.0555191344127803,0.088625,0.1456875,0.0377766648380603,0.111920477176956,0.0566666666666667,0.19962962962963,0.1291875,0.202916666666667,"MLP_0.2_a-3",0.898227100629778,0.919583333333333,0.934838709677419,0.867037037037037
"8","analcatdata_gviolence.arff",34.4,24.8,0.581083187219949,0.418916812780051,0.30563809427985,0,0.257000844210663,0.0123817130982532,0.00192534169299191,0,0.046498599439776,0.531477777777778,0.046498599439776,0.531477777777778,0.135344178193389,0.279926495230958,0.0393209948697967,0.0104887979738944,0.279162997597247,0.156918674136321,0.122510270774977,0.268224809697594,0.292246863198425,0.0636022408963585,0.00566666666666667,0.00540353269692837,0.0130557828430418,0.248033613445378,0.322366666666667,0,0,0,0,0,0,0,0,0,"MLP_0.1_a-3",0.998044336753478,0.997801587301587,0.996203703703704,1
"9","analcatdata_japansolvent.arff",21.6,20,0.519163763066202,0.480836236933798,0.622561609863746,0.000197722663094951,0.518157181571816,0.0132868757259001,0.134997898525536,0.000649538945814692,0.353189033189033,0.541333333333333,0.353189033189033,0.541333333333333,0.356910569105691,0.423337446120908,0.22725900116144,0.0768873403019744,0.42550135501355,0.453333333333333,0.267705627705628,0.370270406909373,0.45249704390002,0.143636363636364,0.317666666666667,0.0379984514130856,0.13006968641115,0.271616161616162,0.591666666666667,0.0647388734254457,0.10723964382501,0.0729345722028649,0.0736294982692384,0.0549403135808105,0.107518037518037,0.107,0.068246225319396,0.0603910181958962,"RF_400_sqrt(p)/2",0.863802882234763,0.872848484848485,0.874666666666667,0.870666666666667
"10","analcatdata_seropositive.arff",68.8,36.8,0.651523947750363,0.348476052249637,0.475521678158533,0.159313710317444,0.560284228350266,0.189288824383164,0.520823437052071,0.257195746466399,0.538380221653879,0.308308308308308,0.538380221653879,0.308308308308308,0.0853483309143686,0.122915243768283,0.0390215287856797,0.128842525399129,0.104853652636671,0.117747747747748,0.0680193236714976,0.0968452969000377,0.175003434812153,0.0342114236999147,0.048013013013013,0.0882619738751814,0.188168843734881,0.0686984938903097,0.172447447447447,0.041724801980033,0.0395645863570392,0.0366860183841316,0.0166090701656463,0.0853817502339022,0.0116254617789145,0.0917817817817817,0.0257486695694243,0.0579257377842283,"MLP_0.3_a-3",0.969598499445471,0.97510989010989,0.986078431372549,0.954666666666667
"11","analcatdata_vineyard.arff",208,166.4,0.555556506238859,0.444443493761141,0.864327723816109,0,0.888853285799168,0.734190612002377,0,0.993333333333333,0.799935897435897,0.998473895582329,0.799935897435897,0.998473895582329,0.251605086155674,0.0862130253249281,0.154847391562686,0.276301033868093,0.20858495543672,0.268289202410748,0.240212806546314,0.0692958216099209,0.116095717201601,0.136474358974359,0.177817858259385,0.296526535947712,0.24321568627451,0.198333333333333,0.221402015246615,0.194037373790865,0.24677642305407,0.244386072489602,0.195312033335734,0.192431582856558,0.247820512820513,0.245028737705312,0.244319334521687,0.243875698158051,"RF_500_sqrt(p)",0.863352766602432,0.865425150613895,0.874358974358974,0.854246999612853
"12","analcatdata_wildcat.arff",92.8,37.6,0.711666780464934,0.288333219535066,0.797536058405333,0.332702267474197,0.771547125379897,0.736921453401127,0.408210833077819,0.810856478953379,0.685890603085554,0.964898055950688,0.685890603085554,0.964898055950688,0.385546837090952,0.17447852703879,0.246135064887772,0.29700233514045,0.380626294075966,0.66642484589853,0.271773414368085,0.0983326639413219,0.525998195226325,0.150292192613371,0.482764343290659,0.232476908814207,0.453447526101529,0.267893096462521,0.658876244665718,0.139094049317351,0.209983464353072,0.217499360453736,0.0982703044235312,0.225727710291618,0.114515349851956,0.44569938359412,0.119587549559146,0.456451539387098,"MLP_0.5_a-3",0.804121390717641,0.799362373737374,0.786871980676328,0.831185185185185
"13","ar4.arff",69.6,16,0.813077975376197,0.186922024623803,0.677632634617115,4.64658113626152e-08,0.548915640674875,0.0126155950752393,0.00136916707506206,0.0207142949647201,0.509315389924086,0.64,0.509315389924086,0.64,0.324957592339261,0.420903581411761,0.206911080711354,0.0814026447788417,0.486961240310078,0.786666666666667,0.218807453416149,0.371364951099162,0.544032810468938,0.104941338854382,0.650416666666667,0.0516397628818969,0.219064295485636,0.405511387163561,0.84125,0.0819997675442986,0.0977437300501596,0.0898002735978112,0.00347726204287069,0.316352622722025,0.00891649413388542,0.484583333333333,0.0040547195622435,0.445238486092111,"J48_0.1_10",0.668800462214124,0.84023088023088,0.909106753812636,0.541666666666667
"14","ar6.arff",68.8,12,0.851481481481482,0.148518518518518,0.805804542671145,1.93355186091962e-07,0.741369341563786,0.00950205761316869,0.00135588981393702,0.00556843262083404,0.700339585109406,0.768333333333333,0.700339585109406,0.768333333333333,0.34192695473251,0.392886802412313,0.201741769547325,0.101663580246914,0.45766049382716,0.912222222222222,0.24244813867576,0.369888632406583,0.466340962837303,0.0999005399261154,0.785555555555556,0.0868106995884774,0.199077160493827,0.372360045467462,0.946666666666667,0.0701631692063357,0.0791265432098766,0.0818631687242799,0,0.336885369319853,0,0.532777777777778,0,0.513855967078189,"SVM_linear_8",0.581259740035694,0.873539682539683,0.953137254901961,0.417777777777778
"15","arsenic-female-bladder.arff",383.2,64,0.856887184403963,0.143112815596037,0.901700274593776,0,0.892978753861724,0.557605864493448,0,0.93624225997443,0.875104665288657,0.981041666666667,0.875104665288657,0.981041666666667,0.274106610205604,0.17454042116209,0.172899455363801,0.156291446947907,0.253326408863322,0.700772909413983,0.284200029010734,0.130700764515552,0.592079136483647,0.105445768059182,0.576770833333333,0.103549423404709,0.459037265633323,0.178898997316507,0.698958333333333,0.110982297659066,0.126729586129754,0.126147963939491,0.00430546165915247,0.458415754166322,0.00483695060922543,0.8565625,0.00472595078299776,0.853892617449664,"SVM_radial_512_0.25",0.667752519249121,0.823492063492063,0.87446418128655,0.518333333333333
"16","arsenic-female-lung.arff",432,15.2,0.96601150527325,0.0339884947267498,0.313641385507061,0,0.739488421487163,0.0321844372536487,0,0,0.754259259259259,0.315777777777778,0.754259259259259,0.315777777777778,0.0338097568445723,0.0738767944140165,0.0158319018323213,0.0165768815915628,0.0644879887077874,0.381166666666667,0.0215895061728395,0.0658644820857827,0.294083908866882,0.00830246913580247,0.229944444444444,0.0121047725577927,0.1844360551827,0.0526543209876543,0.400861111111111,0.0106279906977677,0.0107331948439331,0.00415920954511559,0,0.240145468937332,0,0.315777777777778,0,0.120546067700011,"k1.knn_1",0.856047416142809,0.983362290862291,0.991296296296296,0.757777777777778
"17","Australian.arff",306.4,245.6,0.555072608836916,0.444927391163084,0.480142655230952,0.01856087974806,0.96498774354931,0.921822524621703,0.890050343659566,0.0236106277623306,0.98703135977518,0.921308224102649,0.98703135977518,0.921308224102649,0.271629155521538,0.397043903668224,0.178102558441283,0.169632044007818,0.438648233939564,0.316390046533518,0.235860682021632,0.377636868022212,0.419007173705828,0.134812756807392,0.232111277031138,0.130386205488671,0.216435207414534,0.397258166386352,0.490284829378906,0.108986408703333,0.137656098269827,0.142572771306045,0.143970001504966,0.0611183914627997,0.194971365310511,0.0661504341574028,0.194065505713562,0.073433272220525,"RF_400_sqrt(p)/2",0.8695405807012,0.872418508227376,0.889055593529278,0.851656971619954
"18","backache.arff",124,20,0.861111111111111,0.138888888888889,0.896181447173115,0,0.92412037037037,0.564027777777778,0,0.670424369067971,0.911881720430108,0.949,0.911881720430108,0.949,0.309675925925926,0.422758636458463,0.210046296296296,0.179444444444444,0.540740740740741,0.849666666666667,0.22258064516129,0.400835929646079,0.525676403148365,0.130537634408602,0.703,0.0931481481481482,0.691666666666667,0.466774193548387,0.999333333333333,0.0564244458445985,0.0640740740740741,0.11162037037037,0.00048108554882953,0.299512845327099,0.00295698924731182,0.443333333333333,0.0546759259259259,0.486203703703704,"SVM_sigmoid_1024_0.015625",0.507666752957165,0.772407407407407,0.838279569892473,0.364
"19","banknote-authentication.arff",609.6,488,0.555393497417199,0.444606502582801,0.474404431112343,0.151262269933162,0.641325921166022,0.326463097734673,0.439789181633807,0.282918445496359,0.464894254668138,0.800314207650273,0.464894254668138,0.800314207650273,0.0057640836436957,0.107709426107579,0.00149417824956178,0.00797487656073666,0.0395469511982506,0.00616120218579235,0.00544617620931923,0.112087171837318,0.101880695494975,0.00269031916516371,0,0.00219883227370114,0.0152147630093444,0.0412730894505909,0.0373907103825136,0.00534184189620079,0.0149538206257724,0.0032493985086002,0.00937137785665421,0.000262450815127768,0.0253170565380854,0.00200819672131145,0.00555757574751254,0.000218684395649882,"SVM_radial_512_0.00390625",1,1,1,1
"20","blood-transfusion-service-center.arff",456,142.4,0.762032596132908,0.237967403867092,0.921292612662108,0.2655463409476,0.987945572609868,0.982052231236379,0.352291904646076,0.754480813870346,0.984239766081871,0.986048130273482,0.984239766081871,0.986048130273482,0.470795733506048,0.36396154371292,0.265585451784189,0.26334597052315,0.556427974532061,0.687308513083161,0.403187134502924,0.305335530017305,0.554309521841511,0.158362573099415,0.608926425686989,0.188960195643799,0.483902453550417,0.470058479532164,0.833006336386618,0.185662612152601,0.235416180441948,0.233198455992243,0.000408743518936161,0.488953174483713,0.000921052631578939,0.986328507173578,0.000490263408170063,0.99032901361057,"J48_0.5_4",0.595111922760636,0.780197166293811,0.898421052631579,0.401534391534392
"21","bodyfat.arff",102.4,99.2,0.507935642472416,0.492064357527584,0.324016332550752,0,0,0,0,0,0,0,0,0,0.243516854589657,0.423358228219695,0.152843229915227,0.0254686039150198,0.615339183870596,0.238026718738883,0.248834961455407,0.424498205234028,0.422214517115174,0.132608668062694,0.173723905723906,0.0279058163150335,0.0248380850142951,0.648682657529031,0.580911111111111,0.00289924140703945,0.0111456989386903,0.00244866726213831,0.000586070174465103,0.00527537688432922,0.00429786153943777,0.0181468013468013,0.00072854039319085,0.00436861361307073,"J48_0.1_2",0.996058584709156,0.996025183406696,0.992194871794872,1
"22","boston_corrected.arff",226.4,178.4,0.55928888455348,0.44071111544652,0.61411547038738,0.00553891731331397,0.652748053130436,0.410825976686339,0.024723644599549,0.137975585492502,0.716136992709836,0.572302847697362,0.716136992709836,0.572302847697362,0.261984831488075,0.285857136588895,0.179458534523403,0.0984680290689167,0.298925360516347,0.283289184608625,0.245197068340415,0.258433539201994,0.341970519374736,0.157240133588034,0.207654886698889,0.0891290705425222,0.108288299273277,0.280944732499058,0.32174377000816,0.0779044060997223,0.105120307597262,0.0757389975450747,0.0673334156215808,0.0909814386857044,0.0936649643288761,0.119696189818593,0.064791575216635,0.0930837763579313,"SVM_radial_1_0.125",0.88007242962587,0.882449673202614,0.895196324143693,0.866276094276094
"23","breast-cancer-dropped-missing-attributes-values.arff",156.8,64.8,0.707583947583947,0.292416052416053,0.877046835551121,0,0.963855855855856,0.919362544362544,0,0.113333333333333,0.948911753497741,0.981883012820513,0.948911753497741,0.981883012820513,0.476299754299754,0.441644931665947,0.313758667758668,0.316175539175539,0.610876057876058,0.6819781459252,0.423453018672764,0.403069632126013,0.518190856966802,0.201563231531384,0.585235576923077,0.201938301938302,0.588679224679225,0.493569056562687,0.894738782051282,0.138594472072394,0.20231941031941,0.219648102648103,0.0415887373230087,0.308059634908343,0.0979185040013065,0.455258012820513,0.0861610701610702,0.519435162435162,"NaiveBayes",0.649806735289237,0.739491759702286,0.83041452991453,0.519264705882353
"24","car.arff",968,414.4,0.700231569408561,0.299768430591439,0.785881597448625,0,0.666666478313781,0.666666478313781,0,1,0.52396694214876,1,0.52396694214876,1,0.368745636055486,0.434981329924883,0.169805951183815,0.169656678034112,0.507556191072143,0.591604912403236,0.273340220385675,0.412801947684348,0.497421416332165,1.37741046831956e-05,0.566423840288691,0.141294880742975,0.23665647119474,0.333429752066116,0.914297654385659,0.0164986259575356,0.04368734258146,0.159051556021555,0.0188036017134606,0.0110724928488405,0.0380922865013774,0.0569659119570068,0.1670621170376,0.140537796320073,"SVM_polynomial_32_0.25_3",0.999765701624402,0.99974946245567,0.999724517906336,0.999807692307692
"25","chscase_census4.arff",164.8,155.2,0.515000054932177,0.484999945067823,0.989953666710022,0.210603246583308,0.982833528240836,0.918665443510191,0.750342290989438,0.282257419176109,0.976215816703622,0.969673283705542,0.976215816703622,0.969673283705542,0.69720499284661,0.50426705196898,0.52489845848104,0.187375550339033,0.959186293119724,0.713366641051928,0.682010722732989,0.502199000111411,0.506471883169041,0.514474254742547,0.535965811965812,0.176018997174452,0.197060208514406,0.957684158659769,0.960777777777778,0.186031779527006,0.454293699971028,0.443377306947984,0.071110774323114,0.280572329513764,0.209559251047056,0.714162393162393,0.169266991336178,0.73682383901861,"SVM_sigmoid_0.25_1024",0.532908941772471,0.539539745793614,0.571153697251258,0.506005398110661
"26","chscase_census6.arff",188,132,0.5875,0.4125,0.993293869833596,0.159390366394944,0.980416666666667,0.927875,0.691233867322902,0.236226278928974,0.973652482269504,0.978737373737374,0.973652482269504,0.978737373737374,0.666375,0.494044686692613,0.464479166666667,0.224395833333333,0.899854166666667,0.752014829142489,0.608172147001934,0.484837650495623,0.506179452673069,0.395354609929078,0.562929292929293,0.174229166666667,0.289916666666667,0.870248226950355,0.942020202020202,0.28738717638952,0.411229166666667,0.408791666666667,0.000730047860124872,0.494104127831131,0.00141843971631206,0.99489898989899,0.000854166666666667,0.995041666666667,"k4.knn_7",0.536605034762257,0.580916666666667,0.694468085106383,0.419191919191919
"27","chscase_funds.arff",78.4,69.6,0.529730840277341,0.470269159722659,0.866625095970527,0.537533368653487,0.835576250815944,0.805438187125627,0.808023596662344,0.633887879982675,0.952539218868333,0.662151828847481,0.952539218868333,0.662151828847481,0.583328736900166,0.214587467770242,0.405756186264336,0.340789578785744,0.495673970779436,0.582358913880103,0.584108575702412,0.355189053955974,0.145437200701683,0.398555663745537,0.413882677708765,0.280104498417058,0.414554137756439,0.492860543113708,0.498858523119393,0.189132444704553,0.322158984762053,0.278448575270244,0.00443333291726611,0.329306254650235,0.0404846911176025,0.639454796411318,0.0140548581727872,0.597040571594742,"k4.knn_7",0.64642829899457,0.669988936304726,0.779385964912281,0.546753812636166
"28","chscase_geyser1.arff",107.2,70.4,0.603606974569356,0.396393025430644,0.358759324814609,0.474565826330532,0.574800746770353,0.564696530860901,0.733577936937205,0.573333333333333,0.770508249682704,0.276790073775989,0.770508249682704,0.276790073775989,0.243464474444346,0.180181686341497,0.157349433367367,0.116855201001589,0.270714286811971,0.246545007671505,0.241464925006367,0.255315664821842,0.13843813084261,0.128286604361371,0.201597585513078,0.0914893548106056,0.153691406478574,0.28182300680743,0.253805499664654,0.0902587441241569,0.0943320234235187,0.0777819045670234,0.00655289931984426,0.193722219557901,0.0149250028845044,0.215447350771294,0.00649597646914465,0.190068209643731,"SVM_sigmoid_2_0.25",0.878390092980805,0.905409443269908,0.982345679012346,0.7880174291939
"29","cleve.arff",132,110.4,0.544556677890011,0.455443322109989,0.712474811197125,0.172322241150502,0.965128501626818,0.900992642474124,0.40262563551934,0.413493097004393,0.961363636363636,0.945457821457821,0.961363636363636,0.945457821457821,0.345927739799794,0.395693633200399,0.217684703374939,0.198881406659184,0.464029860898548,0.383155337155337,0.31479797979798,0.378019864793367,0.413710736257434,0.192424242424242,0.247894621894622,0.165041549048283,0.232341937897493,0.415353535353535,0.522236964236964,0.0893827368700237,0.120048067657495,0.105111836660658,0.0565066664951723,0.125813159200686,0.0766161616161616,0.172158886158886,0.0900171184346269,0.121262116110601,"SVM_radial_16_0.015625",0.836794974396831,0.843366120218579,0.884040404040404,0.794708994708995
"30","cloud.arff",60.8,25.6,0.703726590876928,0.296273409123072,0.981594198528554,0.190092497056523,0.928333736916312,0.631353198002002,0.203675479926506,0.939445898719404,0.90747723132969,0.947928205128205,0.90747723132969,0.947928205128205,0.626242432819158,0.472048773406207,0.417912543044483,0.354105508121452,0.782266259938886,0.892205128205128,0.514271402550091,0.43743836037386,0.556632386933354,0.303072859744991,0.690707692307692,0.286236824588162,0.479639983018067,0.708291438979963,0.958112820512821,0.227511269703213,0.295810032968012,0.304509133030384,4.18016907017815e-05,0.49851925925987,0.000218579234972678,0.997928205128205,0.000153256704980843,0.998153707459996,"SVM_sigmoid_1024_0.125",0.503685186578824,0.623586172281824,0.72825,0.373492063492064
"31","cm1_req.arff",55.2,16,0.775273865414711,0.224726134585289,0.959736133344731,0.136481481481481,0.921065466875326,0.896428012519562,0.170555555555555,0.826666666666667,0.898183982683983,0.98875,0.898183982683983,0.98875,0.489797861241523,0.446473695496459,0.2301395409494,0.161533646322379,0.798115545122587,0.744583333333333,0.415811688311688,0.372545359109007,0.638813425140749,0.0697965367965368,0.783333333333333,0.0201278038601982,0.685734220135629,0.770270562770563,0.894166666666667,0.131464703648404,0.183047730829421,0.188500260824204,0.021153619834274,0.374625640440586,0.042517316017316,0.6675,0.0540401669274908,0.654281429316641,"SVM_sigmoid_32_0.125",0.40117854956058,0.762222222222222,0.909157509157509,0.255
"32","cmc.arff",675.2,503.2,0.572980345889327,0.427019654110673,0.959468920607601,0.776827246827247,0.995395489818039,0.995050367855122,0.783892255892256,0.990471380471381,0.996445423332603,0.993470236780376,0.996445423332603,0.993470236780376,0.58001321784505,0.462405627299255,0.385715039375366,0.408270591733571,0.601788111613095,0.651232946237916,0.526935948571846,0.45112846237388,0.472487467122888,0.318907779969318,0.475357931774433,0.30802380746837,0.540949315607225,0.536502549492293,0.689389351720366,0.174896007190073,0.31049952519352,0.310716564511333,0.056524998778389,0.293781223921272,0.133786339396596,0.547774622108618,0.170054060794414,0.503899743892262,"SVM_radial_2_0.03125",0.678107363194045,0.726092593663832,0.874556917441533,0.526885079365079
"33","collins.arff",336,64,0.84,0.16,0,0,0,0,0,0.372571069919922,0,0,0,0,0.01735,0.359923158040159,0.00305,0.00141666666666667,0.480866666666667,0.0541666666666667,0.0103373015873016,0.354425880150068,0.393224203965372,0.000833333333333334,0.0146875,0.0013,0,0.414265873015873,0.830520833333333,0,0,0,0,0,0,0,0,0,"SVM_radial_16_0.0009765625",1,1,1,1
"34","corral.arff",72,56,0.5625,0.4375,0.751018667623225,1,1,1,1,1,1,1,1,1,0.223697916666667,0.134998601932525,0.0630208333333333,0.220364583333333,0.313802083333333,0.25452380952381,0.199722222222222,0.136429223022219,0.132955656536592,0.0125925925925926,0.127857142857143,0.193125,0.252916666666667,0.322407407407407,0.302738095238095,0.0796488140684062,0.0950520833333333,0.164947916666667,0.074140179316705,0.086633466721501,0.0919444444444444,0.0988095238095238,0.179583333333333,0.144270833333333,"SVM_radial_1024_0.0078125",1,1,1,1
"35","CostaMadre1.arff",206.4,30.4,0.871627973223187,0.128372026776813,0.885771216210159,4.07280390117705e-06,0.698358021174571,0.00380002848597061,0.000183033720215945,0.4643156208945,0.654794334224474,0.943405017921147,0.654794334224474,0.943405017921147,0.301107866875564,0.420877636235858,0.207052414186013,0.0763454873474814,0.501397711627024,0.897519713261649,0.21326751403155,0.396960043697801,0.546073451002539,0.129385582289761,0.734451612903226,0.0514328443241703,0.236458244314675,0.429775026187014,0.987770609318996,0.0915315691318738,0.113620092104638,0.115285571855861,0.0021334107764065,0.435179224696392,0.00410190266247675,0.857655913978495,0.00191140863124911,0.875015429900774,"SVM_polynomial_16_0.25_2",0.560747253366333,0.820942528735632,0.885583207642031,0.383452380952381
"36","credit-g.arff",560,240,0.7,0.3,0.895770120227217,0.543656393241419,0.985516666666667,0.972525,0.717492326088982,0.748324925789917,0.98277380952381,0.991888888888889,0.98277380952381,0.991888888888889,0.451758333333333,0.456165058011339,0.299816666666667,0.315375,0.757575,0.639416666666667,0.404952380952381,0.434630662111401,0.504713006492982,0.19752380952381,0.5385,0.210241666666667,0.566266666666667,0.683083333333333,0.931388888888889,0.132552126491324,0.20835,0.213016666666667,0.0494894075845498,0.279483882564415,0.101083333333333,0.459,0.0986916666666667,0.477225,"SVM_radial_1024_0.0009765625",0.652761877114356,0.756433333333333,0.869428571428571,0.492777777777778
"37","datatrieve.arff",95.2,8.8,0.915400085351541,0.0845999146484583,0.896475650004508,0.0909863952446035,0.63891995329374,0.0240029280320543,0.130141984206451,0.85661857921989,0.60646783625731,0.860648148148148,0.60646783625731,0.860648148148148,0.185465237028344,0.223220751858768,0.121382481596074,0.0835730763303579,0.197399237763315,0.905740740740741,0.118896929824562,0.1881108025721,0.634375209385566,0.0490913742690058,0.903518518518519,0.0401753203646407,0.474843954858518,0.124712719298246,0.984166666666667,0.0740835328429368,0.0822872435008358,0.0848294154604834,0.000226478927962015,0.48541761447562,0.000420321637426901,0.968055555555556,0.000257032611401543,0.972057985703617,"SVM_radial_1024_0.03125",0.439701904868529,0.908958024691358,0.960048309178744,0.354444444444444
"38","diabetes_numeric.arff",20.8,13.6,0.604741532976827,0.395258467023173,0.865777031663779,0.46775533366565,0.738215431627196,0.578419489007724,0.654046580228827,0.683661071350419,0.598349206349206,0.669084249084249,0.598349206349206,0.669084249084249,0.604874458874459,0.471999879799963,0.496121381886088,0.254761904761905,0.646258382140735,0.72697557997558,0.541910866910867,0.451512713611755,0.500672210963801,0.398809523809524,0.645128205128205,0.186049062049062,0.373038451744334,0.557920634920635,0.781758241758242,0.170210357798071,0.28669111280876,0.28457176810118,0.0606225067337774,0.29595597607153,0.126285714285714,0.532380952380952,0.0885878957643663,0.567918852389441,"RF_800_sqrt(p)/2",0.569937378106756,0.644407407407407,0.703777777777778,0.552777777777778
"39","diggle_table_a2.arff",132,116,0.532258064516129,0.467741935483871,0.36234465682194,0,0,0,0,0,0,0,0,0,0.0607258064516129,0.0432308938755458,0.0154569892473118,0.0498118279569892,0.0611290322580645,0.061551724137931,0.06,0.0554379951491356,0.0331039870220579,0.0153535353535354,0.0155747126436781,0.0283870967741935,0.0753225806451613,0.0663131313131313,0.0552298850574713,0.00471802302540991,0.0144623655913978,0.00244623655913978,0.0055079536648277,0.00382199462882216,0.0211616161616161,0.0068965517241379,0.00255376344086021,0.00475806451612903,"RF_400_sqrt(p)",0.999287489965618,0.999247311827957,0.998585858585859,1
"40","disclosure_x_noise.arff",266.4,263.2,0.503021011983962,0.496978988016038,0.991438138562136,0.594255859765632,0.987021916044445,0.972784851449885,0.846477528683123,0.690770958051199,0.993643565843448,0.976444290816914,0.993643565843448,0.976444290816914,0.713129383038166,0.499199792363462,0.501876352701449,0.365535322226093,0.80781653693607,0.711277626523707,0.715006633671985,0.49862599021246,0.499744546167553,0.489163076229901,0.514742577869954,0.362617860476317,0.364513914612117,0.802323223789812,0.81337682912778,0.174120576045394,0.441022543007188,0.436707304160736,0.128697726954662,0.215518014167589,0.356227460035857,0.526673579905519,0.330359763590132,0.539110464310892,"SVM_linear_256",0.536924337840911,0.545809315678741,0.628839137645108,0.461807303807304
"41","disclosure_z.arff",278.4,251.2,0.525679673893397,0.474320326106603,0.988464721495577,0.627399624192858,0.984843792216908,0.962826855535555,0.712005389554727,0.873685739948609,0.978833363416794,0.976725268239212,0.978833363416794,0.976725268239212,0.71275252299216,0.493377686351732,0.485703721839545,0.356641405276021,0.807616917703651,0.700226432350977,0.727114564063219,0.485548632685315,0.502938961228615,0.482094066682138,0.489705094964059,0.351095433907946,0.366466264100253,0.798325038893616,0.817915533632665,0.1747970742593,0.425213645335178,0.41564385233834,0.123454393747833,0.225098395843311,0.340996879915422,0.518473197158456,0.299189817750694,0.541399608547946,"NaiveBayes",0.551645241378172,0.556512354214242,0.589884057971015,0.519516982420208
"42","elusage.arff",24.8,19.2,0.563648108996946,0.436351891003054,0.30988607285211,0,0.187165609584214,0.135322997416021,0,0,0.127855555555556,0.263859649122807,0.127855555555556,0.263859649122807,0.240041421971655,0.109829312497727,0.156602458695482,0.0679545063033435,0.227907446558609,0.316333333333333,0.181111111111111,0.0879885074850959,0.141522954180682,0.111255555555556,0.21521052631579,0.0932069532534649,0.0313316106804479,0.158766666666667,0.317280701754386,0.053220590555642,0.096751389867669,0.0423053793751468,0.0574775828915269,0.0476482362107749,0.0988,0.0941228070175439,0.0495147600031321,0.0272501761804087,"J48_0.1_6",0.920803866679069,0.919,0.874761904761905,0.977333333333333
"43","fertility.arff",70.4,9.6,0.880047663697453,0.119952336302547,0.955314681637409,0.283220761460728,0.799026788039798,0.736013452622806,0.28757885441476,0.97470066518847,0.771826961770624,0.982,0.771826961770624,0.982,0.235523037453769,0.353643220269828,0.148966427045892,0.0367931317393343,0.343078111163203,0.732307623518891,0.262256651017214,0.318199584888286,0.643590058142257,0.0879597585513078,0.597703703703704,0.0227340339636402,0.155894553836537,0.256315224681422,0.980296296296296,0.105409120583993,0.119032479033182,0.120216974006355,9.16740152389073e-05,0.495307291341804,0.000190476190476189,0.990962962962963,0,0.991217169349378,"MLP_0.3_a",0.442476756699866,0.863416875522139,0.93677559912854,0.325555555555555
"44","fl2000.arff",32.8,20.8,0.611965811965812,0.388034188034188,0.790857492801222,1.16221677937692e-07,0.747787274453941,0.00760208926875594,0.175018799734906,8.87219150688096e-07,0.740858585858586,0.53084126984127,0.740858585858586,0.53084126984127,0.427507122507122,0.41725304413551,0.235413105413105,0.156566951566952,0.602032288698955,0.546285714285714,0.352215909090909,0.430568937967838,0.410702442004519,0.133686868686869,0.395873015873016,0.120351377018044,0.244710351377018,0.553731060606061,0.678174603174603,0.084393633984109,0.160959164292498,0.129833808167142,0.00169259334660299,0.19023857822935,0.00674242424242424,0.40415873015873,0.0119895536562203,0.319871794871795,"SVM_radial_1024_0.0078125",0.85731266128744,0.873264957264957,0.903333333333333,0.826444444444444
"45","fruitfly.arff",60.8,39.2,0.608004200420042,0.391995799579958,0.973612669580007,0.833314481537429,0.971928186151949,0.928673927392739,0.922393101424337,0.901756486788066,0.971377049180328,0.957807692307692,0.971377049180328,0.957807692307692,0.714080074674134,0.493124749989301,0.490209080908091,0.421116831683168,0.682814054738807,0.828564032506655,0.642719910326468,0.435211020330421,0.592272108053778,0.404302367941712,0.623529914529914,0.371205907257392,0.510394512784612,0.592677595628415,0.822683760683761,0.24206111031879,0.37306104610461,0.384687348734873,0.0157697827985727,0.441299341766115,0.0408032786885246,0.888461538461538,0.0437358469180251,0.898664273093976,"SVM_sigmoid_64_0.0625",0.497836814746388,0.568234188034188,0.68675,0.384222222222222
"46","grub-damage.arff",84.8,39.2,0.683875688434304,0.316124311565696,0.87211090814965,0,0.889674268729784,0.622180956377306,0,0.718333333333333,0.838695611577965,0.975021367521367,0.838695611577965,0.975021367521367,0.476189041000087,0.43039621108526,0.328338861788618,0.26670619459743,0.580391191537722,0.444405336493572,0.606963118580766,0.406963648613215,0.486828912398123,0.261568627450981,0.472764957264957,0.223881097998077,0.370775221610281,0.501705882352941,0.750547008547009,0.102060633593745,0.163696959524434,0.162250514905149,0.0555203513865966,0.18858018386506,0.0938487394957982,0.31474358974359,0.0844571518489378,0.325597650144243,"NaiveBayes",0.732980819919804,0.770468637992832,0.817950937950938,0.667259259259259
"47","haberman.arff",180,64.8,0.735296085647373,0.264703914352627,0.916472586737846,0.650451866921668,0.968028549124568,0.96293587598974,0.85711359700316,0.759716691094242,0.965333333333333,0.973975961538462,0.965333333333333,0.973975961538462,0.487443180550909,0.387888879004431,0.333846102375376,0.309882680941229,0.478319281811085,0.81213141025641,0.370555555555556,0.304531484258429,0.580666880650546,0.203333333333333,0.696370192307692,0.227424556707929,0.542832496933199,0.368481481481481,0.783421474358974,0.1668079741251,0.251443515110963,0.254952380952381,0.016793347461422,0.414831874824656,0.0313333333333333,0.862897435897436,0.0228753206200513,0.885764915802387,"SVM_polynomial_8_64_4",0.550646312659174,0.646188965274105,0.72162962962963,0.436789215686275
"48","hutsof99_child_witness.arff",20,13.6,0.595365418894831,0.404634581105169,0.702637760589033,0.0244939720716543,0.703701723113488,0.0128639334521687,0.044988008762214,0.443048526830569,0.598666666666667,0.713809523809524,0.598666666666667,0.713809523809524,0.541390374331551,0.399163842711872,0.253054070112894,0.0875103980986334,0.587040998217469,0.641007326007326,0.489695970695971,0.345183887207069,0.486994505638074,0.204,0.325531135531136,0.102364824717766,0.0790612002376708,0.565,0.62032967032967,0.0808089902780702,0.127843137254902,0.0976945929887106,0.0501351029156489,0.122501253545869,0.0916666666666667,0.181282051282051,0.0582174688057041,0.150071301247772,"SVM_radial_1_0.125",0.77429164809494,0.811481481481482,0.868,0.730555555555556
"49","jEdit_4.0_4.2.arff",112,107.2,0.510950601909506,0.489049398090494,0.867698023583968,0.0451495176115633,0.975030303030303,0.892663207416632,0.264766749386718,0.247054654727833,0.974464285714286,0.963682358370832,0.974464285714286,0.963682358370832,0.48393496609935,0.432803155631131,0.313188459941885,0.187495502974955,0.53405797703058,0.499115569730834,0.469819883301192,0.437984823690084,0.429466696739252,0.285238095238095,0.342394715587862,0.192972187629722,0.177126193441262,0.468630952380952,0.602423560632283,0.142734402583637,0.25279396706794,0.202401549744016,0.138090841279879,0.147530600176311,0.171011904761905,0.338240452290297,0.162619344126193,0.257866611318666,"SVM_radial_512_0.03125",0.760605554248579,0.764011223344557,0.782380952380952,0.744767331433998
"50","kc1-binary.arff",68,48,0.586206896551724,0.413793103448276,0.675493795698679,4.65046648891543e-16,0.625689655172414,0.00701149425287351,0.00016964212641034,3.58887536501022e-12,0.436960784313726,0.79375,0.436960784313726,0.79375,0.419827586206897,0.433610888749353,0.283218390804598,0.0935057471264367,0.642586206896552,0.494027777777778,0.367450980392157,0.389564880186328,0.473599318394337,0.227941176470588,0.361527777777778,0.0982183908045977,0.0808045977011494,0.501666666666667,0.842222222222222,0.816172131350843,0.0797126436781609,0.0568965517241379,0.692333968375206,0.816177849087408,0.0547058823529412,0.0958333333333334,0.0343103448275862,0.0674712643678161,"SVM_radial_1_0.015625",0.777314557907488,0.777241379310345,0.758039215686275,0.804444444444445
"51","kc1-top5.arff",109.6,6.4,0.944853983264778,0.0551460167352221,0.63458070613476,0,0.241449591443594,0.00984250609737869,0,0.000521759412866194,0.205058103975535,0.548095238095238,0.205058103975535,0.548095238095238,0.0932264636912314,0.28429231842695,0.0673202159603959,0.0122307307884519,0.206643340722801,0.671716880469174,0.209564928445662,0.258243426437977,0.564523556367672,0.0238960244648318,0.812539682539682,0.00528419123771448,0.128315513183579,0.160369752571588,1,0.00112453279082236,0.000747126436781607,0.000517241379310345,0.000280435655465872,0.00773725524502966,0.000181818181818181,0.00222222222222222,0,0.00350574712643678,"NaiveBayes",0.643147327316501,0.891604816639299,0.907927689594356,0.62
"52","kc1.arff",1426.4,260.8,0.845424425673445,0.154575574326555,0.846803731257988,0.00122006271199344,0.977067135633726,0.927465626729388,0.0709474632814106,0.0945025261362308,0.973187249312252,0.968814421848905,0.973187249312252,0.968814421848905,0.27668360856745,0.426424767501481,0.202011666975165,0.207707844053827,0.428970923704733,0.643986511287967,0.302171948939356,0.385121636888862,0.49320477122056,0.12982347061431,0.596831417624521,0.163489288144732,0.448392755682401,0.346994711948454,0.877328519500933,0.111595969460519,0.140809150675433,0.141974832365454,0.00389891732303871,0.441763388196508,0.00652454680045198,0.875202966892622,0.00381694098833493,0.892255505456315,"SVM_polynomial_16_4_3",0.603409487116179,0.803117217587954,0.87231784848771,0.424665112665113
"53","kidney.arff",32,28.8,0.526338797814207,0.473661202185793,0.805839326049269,0.189809961391565,0.752836065573771,0.516322404371585,0.23335493552798,0.807602373765969,0.5575,0.717963875205254,0.5575,0.717963875205254,0.458479052823315,0.359306137476219,0.266471766848816,0.352069216757741,0.526030965391621,0.480886699507389,0.438333333333333,0.380729188582602,0.333913665158707,0.272083333333333,0.260287356321839,0.356925318761384,0.340528233151184,0.577708333333333,0.46863711001642,0.140679764111267,0.224025500910747,0.245735883424408,0.174158530289862,0.100123411032062,0.264375,0.178932676518883,0.30783970856102,0.190007285974499,"RF_300_sqrt(p)",0.786938694171385,0.798166666666667,0.811666666666667,0.783571428571428
"54","lupus.arff",41.6,28,0.59768115942029,0.40231884057971,0.629757201887827,0.492476743992565,0.660850241545894,0.615530710835059,0.656932569654572,0.707270972060676,0.62588850174216,0.712857142857143,0.62588850174216,0.712857142857143,0.504516218081435,0.37026762228859,0.299986197377502,0.244989648033126,0.504226363008972,0.597301587301587,0.443966318234611,0.348068218002873,0.400463674467899,0.238919860627178,0.390714285714286,0.213229813664596,0.316022084195997,0.442667440960124,0.595714285714286,0.125881952660875,0.231798481711525,0.17791994478951,0.0541866638298879,0.214351957977533,0.141037553232675,0.366666666666667,0.0811193926846101,0.333942028985507,"SVM_sigmoid_1_0.125",0.721144461764969,0.754183006535948,0.833333333333333,0.637142857142857
"55","machine_cpu.arff",122.4,44.8,0.732060663526647,0.267939336473353,0.501252038516363,0.000243524257754152,0.611269540666229,0.296653411478821,0.0667211884913857,0.00285460356774039,0.49045404060598,0.410434343434343,0.49045404060598,0.410434343434343,0.122160229168742,0.209886481025641,0.0675812774909161,0.0171029427089596,0.149203263009266,0.23362962962963,0.0813705628859567,0.167947540385336,0.269503652189044,0.0383993069438891,0.147316498316498,0.0112849630629733,0.0377624298162138,0.0970545115287218,0.291690235690236,0.0380338767678037,0.0480049281815028,0.0252095293062756,0.0193280091157532,0.085696655161505,0.0209125238793372,0.12203367003367,0.0104060009642219,0.0641399730659164,"SVM_sigmoid_0.03125_0.5",0.929433024709642,0.944483069083183,0.959713261648746,0.902878787878788
"56","mfeat-karhunen.arff",1440,160,0.9,0.1,0.809837557436799,5.83957857170631e-12,0.6812875,0.000187500000000007,9.51515388906919e-12,0.579190074538187,0.645875,0.961666666666667,0.645875,0.961666666666667,0.0287666666666667,0.390649660761771,0.0115791666666667,0.000558333333333333,0.718308333333333,0.134208333333333,0.0170509259259259,0.387434731667565,0.4234041636755,0.0107638888888889,0.0189166666666667,0.000525,1.66666666666667e-05,0.689138888888889,0.980833333333333,6.01194144689288e-07,4.16666666666658e-06,0,0,6.01190891935666e-06,0,4.16666666666665e-05,0,4.16666666666658e-06,"SVM_radial_16_0.00390625",0.987224159832557,0.996483333333333,0.998759259259259,0.976
"57","mfeat-morphological.arff",1440,160,0.9,0.1,0.752536355532871,0,0.4192875,2.91666666666357e-05,0,0.94938171235662,0.355277777777778,0.707041666666667,0.355277777777778,0.707041666666667,0.00472916666666667,0.0349484644198759,0.0016,0.00190416666666667,0.00705833333333333,0.0214166666666667,0.002875,0.0341938355003966,0.0478013025729063,0.000111111111111111,0.015,7.5e-05,0.0207333333333333,0.00548148148148148,0.02125,0.00149707118339804,0.00149999999999997,0.00153333333333331,0,0.0147716834789805,0,0.015,0,0.015125,"SVM_polynomial_16_0.25_3",0.994057381116272,0.998333333333333,0.999388888888889,0.988833333333333
"58","MindCave2.arff",64.8,35.2,0.648005800580058,0.351994199419942,0.830299589266603,6.90460063898423e-08,0.826466126612661,0.00654226089275589,0.0175954429570884,4.20054638600929e-06,0.811956730769231,0.807179894179894,0.811956730769231,0.807179894179894,0.533267393406007,0.446864234075038,0.294403126979365,0.093001633496683,0.709073907390739,0.687506715506715,0.45018543956044,0.43308880648885,0.462214341761309,0.188479166666667,0.489412698412698,0.0696576257625763,0.14076362302897,0.620405448717949,0.872333333333333,0.108661133608429,0.17185033836717,0.131495416208287,0.0243285734496806,0.23101083060335,0.0564855769230769,0.384349206349206,0.0308173217321732,0.336117198386505,"SVM_polynomial_16_0.125_3",0.669708096023594,0.718337606837607,0.790759803921569,0.585185185185185
"59","ozone-level-8hr.arff",1899.2,128,0.936858718931506,0.0631412810684945,0.936181035411585,6.6201929451802e-19,0.733471486347848,0.201613532887868,1.45560637062204e-18,0.218284124422648,0.717424910617777,0.9646875,0.717424910617777,0.9646875,0.118179481665497,0.387130334033159,0.077348134179374,0.0224249927101811,0.395582867644459,0.76859375,0.07434361021036,0.380710446366562,0.517370365906502,0.0383460528625408,0.656041666666667,0.0137825629478698,0.151581676622662,0.355594747004425,0.98890625,0.0415715737933815,0.0519633922973455,0.0514798721532811,0.000803047354563602,0.403001590595994,0.00364015040233548,0.768958333333333,0.00056235722415374,0.815000434632137,"NaiveBayes",0.746989537590616,0.690409081813764,0.681646546746613,0.820416666666667
"60","parkinsons.arff",117.6,38.4,0.753854477828178,0.246145522171822,0.679567467156594,1.66559809606627e-09,0.590559394421527,0.00532647395067776,6.47807650415715e-09,0.117184599705226,0.530423970254479,0.636806117858749,0.530423970254479,0.636806117858749,0.162821199461224,0.309692667478432,0.0648245992986079,0.0468363951187046,0.356229060531506,0.295168690958165,0.119612245883432,0.300142826578077,0.35714610004907,0.0492553962045487,0.112487629329735,0.0112369384604848,0.153345192373547,0.311378627649814,0.493612235717499,0.0845910767557333,0.0985400877003507,0.0825435121233355,0.00507057536699207,0.264639882952658,0.0189956057752668,0.34216824111561,0.00529795289750087,0.323165508509252,"k1.knn_1",0.929265581694125,0.939227620332884,0.947003831417624,0.915481481481481
"61","pasture.arff",19.2,9.6,0.666830870279146,0.333169129720854,0.41171628075214,0,0.415935960591133,0.0146141215106732,0,0.0330062249064235,0.255052631578947,0.377851851851852,0.255052631578947,0.377851851851852,0.336551724137931,0.410514495311058,0.183195949644226,0.00808429118773946,0.615678708264915,0.540592592592593,0.234929824561404,0.381178863732154,0.474281910034838,0.115245614035088,0.319703703703704,0.0115495347564313,0.00777504105090312,0.492754385964912,0.862148148148148,6.06295514693489e-06,0.000238095238095238,0.00209469074986316,8.93485560893303e-06,0,0.000350877192982457,0,0.00514121510673234,0.000238095238095238,"NaiveBayes",0.838812357387531,0.840674603174603,0.815666666666667,0.895555555555556
"62","pc3.arff",1122.4,128,0.897632741806555,0.102367258193445,0.887439048968366,1.85499241525404e-14,0.922083304023448,0.790317817212896,2.10673657864193e-14,0.808178379129471,0.913197540329173,0.984895833333333,0.913197540329173,0.984895833333333,0.195132580868638,0.342316501325441,0.121806580335731,0.0604288835598188,0.294146272315481,0.862239583333333,0.119054739950974,0.31385933128408,0.536140630770898,0.0584226371408813,0.677604166666667,0.0328322600586198,0.308434144417799,0.222351406792243,0.923697916666667,0.0903047437317257,0.101546184918732,0.101109350386358,9.21296466560584e-07,0.492349284362301,5.93647966755725e-06,0.991927083333333,0,0.992839601385558,"NaiveBayes",0.593917845191636,0.483897285710385,0.443667344517878,0.836666666666667
"63","PieChart1.arff",515.2,48.8,0.913475697913075,0.0865243020869251,0.869939126121829,1.10251712590278e-09,0.609055164542077,0.115045923506578,7.17566266269607e-05,0.0405808464801667,0.575413311256617,0.940445011337868,0.575413311256617,0.940445011337868,0.164420444336235,0.350716502572295,0.0956377061404667,0.0442078416215742,0.294430542312749,0.686894621309049,0.230441891952085,0.327892907022251,0.511858776280539,0.046958806853817,0.609583333333333,0.0181092099439345,0.31515540248711,0.237783246782569,0.89249433106576,0.0614806073290796,0.0748929138844697,0.0739473725027579,0.0013748844925342,0.426159602643667,0.00288570281729007,0.835076530612245,0.00141846242091986,0.8516619950171,"SVM_polynomial_32_0.125_5",0.67375415392238,0.870403632195062,0.904348352713178,0.511837606837607
"64","PieChart2.arff",583.2,12.8,0.978524029354752,0.0214759706452478,0.973661500912051,1.11480969785099e-09,0.33822945674172,0.000704792550725752,4.09805098894553e-08,0.861568758708357,0.323707186885657,0.931880341880342,0.323707186885657,0.931880341880342,0.0575828116009143,0.259931216429481,0.0393058743041245,0.014027048873353,0.123073269801215,0.986495726495726,0.0371969305356485,0.244974151093209,0.665360463168114,0.0191930418164587,0.955555555555555,0.00833371788790612,0.291641561947815,0.103829213562349,1,0.0189030028781173,0.0190153055050221,0.0193844146002133,0,0.472879801960475,0,0.886623931623932,0,0.898816982096201,"SVM_polynomial_32_0.125_2",0.270574811413093,0.961124429127114,0.978643048338844,0.162777777777778
"65","PizzaCutter1.arff",487.2,41.6,0.921332303309155,0.0786676966908447,0.859247314262934,8.03284446355635e-11,0.591824622171351,0.0700175309466603,0.00055413075736004,0.0324094125079503,0.559726691801035,0.901591173054588,0.559726691801035,0.901591173054588,0.145370452392816,0.344373832949784,0.0909203214691409,0.0362827054292974,0.263686294679866,0.663202104575855,0.210553560297468,0.321873424787172,0.510474324776728,0.0452239090674476,0.626082075106465,0.0133507059394458,0.321346118476919,0.210426470753246,0.887491289198606,0.056235316582672,0.0628076558645628,0.0631250519245312,0.000296732941265421,0.429849165765978,0.00101261206674071,0.786639566395664,0.000239636620151656,0.789062305204198,"SVM_polynomial_16_0.5_3",0.666472829943126,0.882192408502172,0.91465564738292,0.501818181818182
"66","PizzaCutter3.arff",732.8,101.6,0.878236263445197,0.121763736554803,0.879903835318899,2.73925529902599e-14,0.744073281231676,0.474374588055185,4.31695030718333e-14,0.577564252423647,0.70858916248568,0.985828641687698,0.70858916248568,0.985828641687698,0.228483260654453,0.369740241999336,0.144095412285737,0.0652046019114146,0.386529418550976,0.721511793019219,0.258659227694119,0.343269218240571,0.535659987466302,0.068540630738761,0.689064259367113,0.0379112303862656,0.250224472436629,0.309070653078772,0.945211932958002,0.100897511717198,0.119063054587564,0.118928380174712,0.000125312711002135,0.479380873722536,0.000327682478622919,0.975450721542743,0.000151945808263426,0.980733989059372,"SVM_polynomial_16_4_2",0.564007710421308,0.80921319908162,0.870051674982181,0.370461538461539
"67","plasma_retinol.arff",145.6,106.4,0.577778752609863,0.422221247390137,0.969742075362315,0.0156868519050098,0.961483521130152,0.844940637308557,0.0372641259274936,0.54441834001738,0.935810423555346,0.978068535825545,0.935810423555346,0.978068535825545,0.686109887155271,0.494875846009432,0.484105694460796,0.421443631334503,0.88348745012005,0.740090519014871,0.64666225791214,0.486305182202385,0.506594991539344,0.439018737206739,0.545823194028096,0.398753528454724,0.44849076371595,0.858469847268147,0.917716452124846,0.202735559102993,0.355148493588646,0.358986700790789,0.0846313980457224,0.322372951433099,0.15059707132735,0.634959736671957,0.137168411907716,0.66447659140713,"SVM_radial_32_0.125",0.53987160137707,0.562903705837174,0.630935935935936,0.4697150997151
"68","pollution.arff",24.8,23.2,0.516668475900998,0.483331524099002,0.663765419905521,3.1819429037432e-05,0.692906896801274,0.0133011289622232,0.0237471423977553,0.00123685737736718,0.4448,0.553876811594203,0.4448,0.553876811594203,0.421527777777778,0.432401524347763,0.270148598446471,0.0518117672600955,0.709624463260481,0.452276811594203,0.393738647342995,0.420908889222847,0.44510729571255,0.287722222222222,0.251594202898551,0.0344186930091185,0.063644883485309,0.637811111111111,0.786400966183575,0.0664405772637924,0.120662843151445,0.0687266005693058,0.0875517530305862,0.0428554266574721,0.144888888888889,0.0944806763285025,0.0835944058474454,0.0524305857094611,"RF_400_sqrt(p)",0.808559600076507,0.815252525252525,0.780793650793651,0.853111111111111
"69","pyrim.arff",34.4,24.8,0.581083187219949,0.418916812780051,0.659761745555469,0,0.718273978829794,0.00226423793752839,0,0.0312757151447639,0.529540616246499,0.7681,0.529540616246499,0.7681,0.283170595493214,0.32428036083511,0.136932333268394,0.0338925904279499,0.362805182154685,0.325020074696545,0.258069281045752,0.331357260296795,0.317303177446027,0.0713333333333333,0.228033333333333,0.0510305214624326,0.0138395350347425,0.325355742296919,0.414766666666667,0.00115774120926437,0.00271043574258069,0.00102285862718358,1.30590820861531e-05,0.00274395085750856,0.000196078431372549,0.00621111111111111,0,0.00509890252613806,"SVM_sigmoid_8_0.015625",0.934744004129423,0.945071428571429,0.980277777777778,0.896031746031746
"70","quake.arff",967.2,775.2,0.555096430339481,0.444903569660519,0.996714923480192,0.928369908196672,0.997382990657159,0.994804168114965,0.999672887953546,0.928673877082134,0.99908326709798,0.994754217935927,0.99908326709798,0.994754217935927,0.693465119708444,0.48619579258822,0.475680941622164,0.438497969748997,0.693078301154777,0.732351568619751,0.666357820058171,0.457471945889223,0.520857667186599,0.4216504852986,0.54309341536415,0.379296609752929,0.508872486543991,0.646229356648178,0.751530739385877,0.307908627088828,0.444903569660519,0.443813382803695,0,0.499997293642331,0,1,0,1,"k4.knn_7",0.511892189759557,0.533318113276681,0.622718128093458,0.421775724231255
"71","qualitative-bankruptcy.arff",114.4,85.6,0.572001450036251,0.427998549963749,0.0589277906020579,0,0.588004269273398,0,0,0,0.363639460971269,0.0373907888736892,0.363639460971269,0.0373907888736892,0.0149712934490029,0.0706078419974364,0.00400041334366692,0.0323473136828421,0.0993011591956466,0.0174473324213406,0.013118230358505,0.0983238449080233,0.023255054841091,0,0.0093470132238942,0.00816616332074969,0.0597075401885047,0.124651411136537,0.0654236206110351,7.26392094652084e-06,3.31674958540629e-05,0.00860100419177147,0,1.69851815411404e-05,0,7.75193798449613e-05,0.00856699917497938,0.00820199588323042,"RF_300_sqrt(p)",1,1,1,1
"72","rabe_265.arff",24,16.8,0.58829268292683,0.41170731707317,0.87550499545196,0.0516913411925014,0.780162601626016,0.294032520325203,0.18553464154379,0.241500391822143,0.684722222222222,0.640343137254902,0.684722222222222,0.640343137254902,0.585373983739838,0.465276615620571,0.401430894308943,0.166947154471545,0.696138211382114,0.664142156862745,0.530277777777778,0.438378858683091,0.500206010830679,0.286944444444444,0.564975490196078,0.152008130081301,0.167768292682927,0.645833333333333,0.767892156862745,0.158319325100055,0.296487804878049,0.246512195121951,0.0691100453377429,0.259885032582915,0.174444444444445,0.471127450980392,0.112138211382114,0.42869918699187,"SVM_polynomial_8_2_3",0.643493046272888,0.663939393939394,0.665555555555556,0.662666666666667
"73","rabe_266.arff",50.4,45.6,0.525002260806656,0.474997739193344,0.342134455434012,0.340808080808081,0.399000203472599,0.186800099475493,0.425480599647266,0.627777777777778,0.206371241830065,0.611909822866345,0.206371241830065,0.611909822866345,0.145581147886899,0.215207453814345,0.0719030641466209,0.0103561373364683,0.142098616386327,0.152531400966184,0.139317647058823,0.210546842678164,0.220807175762676,0.0569960784313725,0.0883961352657005,0.016530701754386,0.00257251914149636,0.126713725490196,0.159098228663446,0.0145164730615184,0.0425832353650449,0.0122283490082595,0.0191709182989707,0.00931992188231101,0.0415398692810458,0.0443188405797101,0.0173611713992886,0.0122311524085127,"SVM_radial_512_0.0625",0.979778930480856,0.979695169082126,0.967222222222222,0.993383838383838
"74","rabe_97.arff",20,16.8,0.543543543543544,0.456456456456456,0.62025180022278,0.631489766081871,0.823378378378378,0.088108108108108,0.980377104377104,0.638848526545121,0.965333333333333,0.654387254901961,0.965333333333333,0.654387254901961,0.232452452452452,0.156226674608893,0.0951251251251251,0.142567567567567,0.181691691691692,0.246137254901961,0.221098039215686,0.136517368289772,0.173721072910971,0.059,0.138210784313725,0.111816816816817,0.176246246246246,0.169,0.196862745098039,0.00823059458769082,0.0510660660660661,0.128873873873874,0.00847735050165743,0.00795375388962405,0.0486666666666667,0.0563725490196077,0.118343343343343,0.135375375375375,"J48_0.1_2",0.959853324616764,0.964444444444444,0.973333333333333,0.953333333333333
"75","rmftsa_ctoarrivals.arff",130.4,80.8,0.61742483276061,0.38257516723939,0.682762463125509,0,0.724435040999022,0.509536804020842,0,1,0.553697788216872,1,0.553697788216872,1,0.151208102150515,0.0991834910300171,0.0787628145896052,0.128958052826782,0.124370529814954,0.207922839506173,0.11606146016833,0.0810028173789183,0.151814070363151,0.0481663730671364,0.128139917695473,0.159478203168358,0.0740843655832478,0.0941753767860638,0.173094650205761,0.0112621303952987,0.0431536785568799,0.11761678085643,0.00919216300760806,0.0145857801269517,0.0211716578586808,0.0819259259259259,0.139776224967319,0.0813447111474475,"SVM_radial_128_0.25",0.938364301860195,0.941756885090218,0.950284090909091,0.928190476190476
"76","rmftsa_ladata.arff",228.8,177.6,0.562992611958129,0.437007388041871,0.488019534920231,0.0123777215056228,0.709402602682296,0.542878096387675,0.329895063250198,0.0264525583317429,0.828962052146378,0.550940984785967,0.828962052146378,0.550940984785967,0.246618968174524,0.399597314843447,0.147817742407781,0.055641957626632,0.533157436283873,0.274361074081127,0.225088230036518,0.393431015945395,0.405594352646699,0.122320028601343,0.180666116506909,0.0270015131317813,0.0925056040764853,0.512766030797518,0.559434816648681,0.0717207509448919,0.100362786630986,0.0596805407686634,0.0586578974280808,0.0880205267208068,0.0865098700171097,0.117984299286908,0.0503753643677015,0.0706914536569709,"SVM_radial_16_0.0625",0.887638923007215,0.890938636981916,0.907219197418834,0.869912457912458
"77","schlvote.arff",22.4,8,0.736774193548387,0.263225806451613,0.88568175833945,0.0582677897411657,0.657046594982079,0.301376344086021,0.103524587542451,0.512448460938338,0.574492753623188,0.880833333333333,0.574492753623188,0.880833333333333,0.533025089605735,0.437164229592636,0.34984229390681,0.230881720430107,0.583082437275986,0.868333333333333,0.413254281949934,0.407442492405837,0.522656485017268,0.206943346508564,0.75,0.161505376344086,0.412774193548387,0.470974967061924,0.896666666666667,0.147416421008604,0.20663082437276,0.230336917562724,0.0020914318174623,0.39434367608704,0.0116073781291173,0.7525,0.040415770609319,0.756186379928315,"SVM_sigmoid_256_0.03125",0.511304704539534,0.747619047619048,0.846666666666667,0.47
"78","segment.arff",1584,264,0.857142857142857,0.142857142857143,0.777698709520386,8.35782651545632e-14,0.262233044733045,0.000349927849927822,1.15994615276675e-13,0.697118996312987,0.139271885521886,0.901818181818182,0.139271885521886,0.901818181818182,0.00763347763347763,0.101843680777349,0.00201298701298701,0.0130952380952381,0.039476911976912,0.0232323232323232,0.00503367003367003,0.0985054223858171,0.155229542689783,0.00167508417508417,0.00404040404040404,0.0133658008658009,0.00957792207792208,0.0326515151515152,0.0804292929292929,0.00246859906070795,0.00256132756132755,0.00164862914862915,0.000875935110179915,0.0119223321599342,0.000505050505050519,0.0148989898989899,0.00037157287157287,0.00886002886002886,"MLP_0.7_a-3",0.99564997037356,0.997128427128427,0.997710437710438,0.993636363636364
"79","sensory.arff",269.6,191.2,0.585069479233395,0.414930520766605,0.929681009009444,1,1,1,1,1,1,1,1,1,0.613801345531139,0.446419810191292,0.373191916878326,0.436041306205505,0.69483751433577,0.708432773414776,0.546689063288815,0.424636034829374,0.478021302384524,0.322234705585387,0.445041630308319,0.395297332876603,0.498016469514536,0.651852861535637,0.755444117219313,0.238517107897241,0.340191215179237,0.344544083537576,0.16193163869338,0.325425166837466,0.213970076644178,0.518199534613147,0.226412018216413,0.516314169844114,"J48_0.4_8",0.691023940136194,0.712046424156343,0.778324553702078,0.61863475177305
"80","servo.arff",103.2,30.4,0.772467071492994,0.227532928507006,0.806975881177634,0,0.60477329310008,0.136635039782984,0,1,0.488368185212845,1,0.488368185212845,1,0.218812623044621,0.387466984189089,0.105929927084156,0.10425399042105,0.353526885206382,0.499048891672756,0.137598693456038,0.365230438299028,0.488698095472822,0.0718869803335823,0.221591397849462,0.0964659936186514,0.133365375849796,0.218347647498133,0.812609318996416,0.0320476139351585,0.0509018400063176,0.0823319132546679,0.0224288256418538,0.0632977522310362,0.0345606173761513,0.106358422939068,0.0771539323710049,0.113044981164908,"k15.knn_29",0.95199905893747,0.928087863933452,0.906902564102564,1
"81","sleuth_case1202.arff",45.6,28.8,0.612909292854498,0.387090707145502,0.486386660897723,0.154359522792218,0.486333144103007,0.180117454440742,0.188973552502928,0.774762189614373,0.224003220611916,0.863513957307061,0.224003220611916,0.863513957307061,0.449330470196224,0.400552604583571,0.251813089802131,0.203729186720968,0.546974289357851,0.613325123152709,0.345806763285024,0.363310309729507,0.464126107032487,0.169478260869565,0.382175697865353,0.141321650417541,0.30721163355136,0.407648953301127,0.767627257799672,0.0860069640155181,0.121154831543873,0.129192628244683,0.111750115822222,0.0420789870544526,0.114305958132045,0.13200328407225,0.122103155210005,0.125445950059649,"J48_0.1_10",0.851397161208538,0.838366471734893,0.755656565656565,0.969880952380952
"82","sleuth_ex1221.arff",18.4,15.2,0.547608861726509,0.452391138273491,0.726567505498614,0,0.581427552839318,0.00156998556998555,0,0,0.487426900584795,0.553388888888889,0.487426900584795,0.553388888888889,0.462809438927086,0.447325870722638,0.267599524658348,0.0805960444783974,0.777850437144555,0.509205653021442,0.427158382066277,0.435746637638075,0.460852987103424,0.185029239766082,0.367638888888889,0.076355148119854,0.078928274340039,0.782826510721248,0.771777777777778,0.000383197955198922,0.00553416518122401,0.0208389780154486,0,0.000849813318034909,0,0.01225,0.00298972922502334,0.0451218062982769,"SVM_radial_256_0.001953125",0.89568279112914,0.908902116402116,0.946,0.865
"83","sleuth_ex1714.arff",21.6,16,0.574395448079659,0.425604551920341,0.548942110337167,0.0222025862560898,0.391688003793267,0.0193266951161688,0.0455192967387209,0.301969942735586,0.234372294372294,0.484583333333333,0.234372294372294,0.484583333333333,0.335097202465623,0.333422048493565,0.191754385964912,0.0703034613560929,0.374547178757705,0.283910533910534,0.40531746031746,0.304554365381258,0.379967920210165,0.158845598845599,0.23625,0.0829729729729729,0.0420151730678046,0.339350649350649,0.422083333333333,0.0728292110775555,0.135628259838786,0.089402560455192,0.0391268926898533,0.114776786138163,0.0769119769119769,0.215,0.0388762446657184,0.148212422949265,"RF_100_sqrt(p)*2",0.86442048288487,0.874740740740741,0.884666666666667,0.861666666666667
"84","socmob.arff",720,204.8,0.778546858546858,0.221453141453142,0.694958082971377,0.134850983382297,0.677882812682813,0.638833056433056,0.93907412558052,0.146298352192318,0.637462962962963,0.819975769169456,0.637462962962963,0.819975769169456,0.111187714987715,0.435133104297121,0.0689589797589798,0.141744892944893,0.407201528801529,0.246124820659971,0.0728055555555556,0.422214413841658,0.486951336662256,0.0424537037037037,0.162141559062649,0.115253032253032,0.235891696891697,0.253148148148148,0.948780966044955,0.0250260468349748,0.0416666354666355,0.0413347685347685,0.0108245545708056,0.0718670716593838,0.0130277777777777,0.142317232584091,0.0264779064779065,0.0950552240552241,"RF_300_sqrt(p)*2",0.931058797381722,0.946857491167836,0.958888888888889,0.904544997486174
"85","SPECTF.arff",169.6,44,0.794006406037471,0.205993593962529,0.887598671747811,3.01612333937959e-19,0.678619484299358,0.00302677957673347,3.8324854550309e-19,0.570795900723183,0.601720153150017,0.907424242424242,0.601720153150017,0.907424242424242,0.381428780366519,0.451734293189969,0.285735743641496,0.0173849326488526,0.766537668377868,0.738181818181818,0.28887318714468,0.443465251633086,0.502222933566014,0.222438798004409,0.52969696969697,0.0188205870738449,0.0165761338540067,0.705967745678153,1,0.0654462854979437,0.0919130358474836,0.0669131089757653,0.0224624664398493,0.200898534665047,0.040801253045597,0.288939393939394,0.0176666227896977,0.266081786670177,"NaiveBayes",0.752673675027624,0.686091311437223,0.628733850129199,0.907272727272727
"86","steel-plates-fault.arff",1014.4,538.4,0.653271570539612,0.346728429460388,0.860676244108287,0,0.792104788883139,0,0,0.405401879215297,0.681762879619644,0.93537624174374,0.681762879619644,0.93537624174374,0.0556415601905293,0.275659324014359,0.0124849352297806,0.037081398408718,0.324472241018633,0.0791855586438699,0.0431454481268805,0.250536675781316,0.317264038232023,0.0152536800069956,0.00726829021571454,0.0558731098550686,9.01619587186597e-05,0.25763042851637,0.450408921933086,0,0,0,0,0,0,0,0,0,"SVM_radial_2_0.0009765625",1,1,1,1
"87","stock.arff",390.4,369.6,0.513684229661792,0.486315770338208,0.706745738963402,0.0898073645413647,0.594892605879092,0.21825259802808,0.184070064140242,0.385841282698382,0.331966205434236,0.872308650113528,0.331966205434236,0.872308650113528,0.0713861794118502,0.127773362778044,0.0375965316403722,0.117912062572519,0.110217915403763,0.0720244634878782,0.0707822589459418,0.14028052130477,0.116904561017565,0.0391393971189368,0.0359669425523084,0.141243778122885,0.0896157053717502,0.108879314490568,0.111631436314363,0.0991141778465712,0.127604413132732,0.088499534294159,0.0754887091631115,0.122754236262055,0.0848210374450784,0.172815986718426,0.0613322051148033,0.116575510059899,"RF_800_sqrt(p)/2",0.970266656024723,0.970350589485154,0.969889192790518,0.970836060464391
"88","strikes.arff",252,248,0.504,0.496,0.915233143252691,0.19590305311877,0.832,0.673506666666667,0.373712992908332,0.497881408008447,0.666666666666667,0.887096774193548,0.666666666666667,0.887096774193548,0.14808,0.273213835439058,0.02208,0.20084,0.354133333333333,0.147795698924731,0.148359788359789,0.276536591242032,0.269507990852675,0.0252910052910053,0.0188172043010753,0.18436,0.215706666666667,0.367724867724868,0.340322580645161,0.187461604419322,0.32364,0.2862,0.240716215679827,0.125124508832444,0.477883597883598,0.166989247311828,0.436586666666667,0.128293333333333,"J48_0.4_2",0.992776467206052,0.9928,0.99026455026455,0.995376344086021
"89","thoracic-surgery.arff",320,56,0.851063829787234,0.148936170212766,0.968231048666991,0,0.91895390070922,0.869007092198582,0,0.838677068019556,0.904833333333333,0.983214285714286,0.904833333333333,0.983214285714286,0.336223404255319,0.39475987780522,0.229095744680851,0.209184397163121,0.374503546099291,0.954285714285714,0.2280625,0.339097913250747,0.614039118813078,0.118354166666667,0.861904761904762,0.112765957446808,0.777393617021277,0.275604166666667,0.939642857142857,0.125915095781109,0.147074468085106,0.146524822695035,0.00221123212062579,0.488400117133139,0.003375,0.968333333333333,0.00416666666666667,0.967446808510638,"SVM_polynomial_4_2_4",0.501747838864719,0.744397163120567,0.818666666666667,0.32
"90","tokyo1.arff",490.4,276.8,0.639207572581679,0.360792427418321,0.430797501865851,7.72047077881371e-07,0.597558203760171,0.00680388519848341,0.00400938749599129,0.000157289995465555,0.431809468390207,0.605827360086503,0.431809468390207,0.605827360086503,0.143951526584678,0.233009190656776,0.0913715331853767,0.0475929492084741,0.201702621910092,0.182904065614244,0.129788552394865,0.168181973412063,0.300978075966981,0.0743201851005168,0.121580250789166,0.0364438141370782,0.068708296212974,0.159123349543483,0.27714077678369,0.999996003342919,0.0999753117696491,0.0734377720938299,0.999997726932957,0.999991815836726,0.119411363730828,0.114139416453025,0.104494658344236,0.0645818973350974,"RF_100_sqrt(p)/2",0.924112831921452,0.932333956323263,0.951985428051002,0.89752104899931
"91","transplant.arff",66.4,38.4,0.633599419448476,0.366400580551524,0.428894089389103,0.023114491673227,0.144501693275278,0.0990082244799225,0.348992481393136,0.0280160261266023,0.0456761646313883,0.315380116959064,0.0456761646313883,0.315380116959064,0.097125060474117,0.133638745728124,0.0404402515723271,0.0198947750362845,0.108274068698597,0.152226720647773,0.065257048092869,0.0658298799849922,0.181533212682497,0.0240901552841851,0.0687044534412956,0.0171698113207547,0.026329221093372,0.0717850143223278,0.171381016644174,0.0174463257236227,0.0209833091436865,0.010888969521045,0.0259140627919163,0.00245791227551595,0.0237871249811548,0.0163067926225821,0.0170367682631834,0.00478350266086116,"SVM_radial_0.5_4",0.986701942933726,0.98402962962963,0.976004901960784,0.997851851851852
"92","vehicle.arff",502.4,174.4,0.742317292419403,0.257682707580597,0.864092241455336,0.00251372791429401,0.770183216677431,0.262755435699615,0.0103975298932334,0.182459093416013,0.731754492962543,0.880463929939792,0.731754492962543,0.880463929939792,0.0846528250510551,0.332612496286799,0.0310177572975395,0.0615644109313272,0.374889802354064,0.151151300842999,0.0619895254917092,0.327394556044539,0.350769005247723,0.0279188613339881,0.0399446086480569,0.050745957771145,0.0934999098171324,0.322410609384859,0.526072249589491,0.0171174206792752,0.0301219796012172,0.0144897976994641,0.0118284122806087,0.0320496942128867,0.0194399869046016,0.0609318007662835,0.00793920511075038,0.0313450047418734,"RF_800_sqrt(p)/2",0.980372260585299,0.987824463118581,0.995486137566138,0.965761099365751
"93","vinnie.arff",156,148,0.513157894736842,0.486842105263158,0.484329457362424,0.392148962148962,0.707719298245614,0.707719298245614,0.492414141414141,0.657619047619048,0.732991452991453,0.681081081081081,0.732991452991453,0.681081081081081,0.328859649122807,0.0712187917743625,0.189912280701754,0.171381578947368,0.60969298245614,0.341720951720952,0.316909216909217,0.0789014549838282,0.0583244324005338,0.181495726495726,0.198783783783784,0.0829605263157895,0.264978070175439,0.56465811965812,0.657162162162162,0.0993632223190023,0.156754385964912,0.106622807017544,0.093123461364897,0.105859160496568,0.136581196581197,0.178333333333333,0.0927631578947368,0.120087719298246,"SVM_radial_0.25_2",0.846195511526602,0.847105263157895,0.844615384615385,0.84972972972973
"94","visualizing_environmental.arff",46.4,42.4,0.522525252525253,0.477474747474747,0.767417311447015,0.33614308041042,0.856410774410775,0.696863636363636,0.39734660988599,0.832673360281153,0.734116558741906,0.866315983757844,0.734116558741906,0.866315983757844,0.5986632996633,0.445336184330436,0.388151515151515,0.235006734006734,0.681296296296296,0.622345810671865,0.577182141004614,0.429422766225173,0.466320200356752,0.379213691026827,0.397929125138427,0.234717171717172,0.240023569023569,0.645103299414123,0.720904392764858,0.157722475830747,0.277180134680135,0.227159932659933,0.222155796336573,0.0737612051710755,0.422244835029294,0.1184311554079,0.352882154882155,0.0962542087542087,"SVM_sigmoid_32_0.0625",0.708781797770127,0.72048309178744,0.605858585858586,0.845939393939394
"95","visualizing_galaxy.arff",140,118.4,0.541797611565054,0.458202388434946,0.458879763367839,0.215747226311938,0.451162391627508,0.253485877904483,0.317391656248355,0.461763436637852,0.311809523809524,0.615938850116318,0.311809523809524,0.615938850116318,0.10310027635609,0.0935544620029793,0.0642966887152934,0.105129747687887,0.104932008420381,0.109133076959597,0.0979999999999999,0.0890143438771439,0.0995889183632543,0.0579047619047619,0.0718553862222855,0.0947833547833548,0.120021350253908,0.0983809523809523,0.112677206475811,0.0104758850934765,0.0355031775962008,0.00959873494757216,0.0105775123948116,0.0103550514901399,0.028952380952381,0.0434781370175189,0.00815380164217374,0.0111997046880768,"SVM_sigmoid_128_0.03125",0.961850560131843,0.962509615384615,0.966095238095238,0.958252873563218
"96","visualizing_hamster.arff",32,26.4,0.547983635300993,0.452016364699007,0.962138209375851,0.279356548134284,0.85593804792519,0.539559711669589,0.61368111053867,0.425813412787182,0.83125,0.839335232668566,0.83125,0.839335232668566,0.551373465809468,0.473568768608022,0.360718877849211,0.193269043444379,0.786777712838496,0.612098171889839,0.501854226020893,0.447277792276578,0.501605037523161,0.288541666666667,0.448252611585945,0.12836547827781,0.268653808688876,0.729166666666667,0.85664767331434,0.178958689118969,0.336282875511397,0.314013247613481,0.109828034686159,0.249607566664273,0.215,0.48340930674264,0.177319306448471,0.461879992207286,"RF_900_sqrt(p)",0.677511815952025,0.705555555555555,0.788333333333333,0.605714285714286
"97","visualizing_slope.arff",21.6,13.6,0.613725490196078,0.386274509803922,0.58593303515813,0.223920482947923,0.568278867102397,0.0531808278867102,0.286491804915457,0.716922206463009,0.385238095238095,0.587985347985348,0.385238095238095,0.587985347985348,0.187047930283224,0.253472330586188,0.113420479302832,0.0230283224400872,0.219335511982571,0.245494505494506,0.15025974025974,0.237527823215431,0.280190453134378,0.08002886002886,0.166373626373626,0.0313725490196079,0.00886710239651417,0.203073593073593,0.245201465201465,0.0103163546342323,0.0492265795206972,0.0168518518518519,0.0079708713687715,0.0139443763272327,0.0475180375180375,0.0519413919413919,0.0111764705882353,0.0219063180827887,"SVM_radial_1024_0.0078125",0.938579789600443,0.942333333333333,0.936666666666667,0.951111111111111
"98","vowel.arff",720,72,0.909090909090909,0.0909090909090909,0.750159680206234,0.0177065765473137,0.586481481481481,0.0199747474747475,0.0398050001250091,0.308319221457899,0.551472222222222,0.475833333333333,0.551472222222222,0.475833333333333,0.0397138047138047,0.116212140523805,0.000252525252525252,0.0481734006734007,0.066473063973064,0.179425925925926,0.0607592592592592,0.112389836779676,0.183511649623419,8.33333333333334e-05,0.00194444444444445,0.00659090909090909,0.453543771043771,0.0449074074074074,0.28212962962963,0.00405903297348342,0.007996632996633,0.0297811447811448,0.000466060915240485,0.0386144960734652,0.00218518518518518,0.0662962962962963,0.0114309764309764,0.209991582491582,"SVM_radial_16_0.03125",1,1,1,1
"99","white-clover.arff",30.4,20,0.603137254901961,0.396862745098039,0.804636479088202,0,0.749069281045752,0.0054300653594771,0,0.0520663616164347,0.619046594982079,0.763333333333333,0.619046594982079,0.763333333333333,0.529019607843137,0.479780621133802,0.377942483660131,0.0691477124183006,0.955247058823529,0.629383512544803,0.477835125448029,0.473641493750134,0.490439976135486,0.292516129032258,0.508,0.0641281045751634,0.0927215686274509,0.937025089605735,0.983,0.00062564088884709,0.00290718954248366,0.0387398692810458,0.00066057870264391,0.000580506326336439,0.00285304659498208,0.003,0.0306718954248366,0.0560522875816993,"SVM_sigmoid_4_0.03125",0.751562313952846,0.788547008547008,0.857261904761905,0.684
"100","wind_correlations.arff",18.4,17.6,0.511119691119691,0.488880308880309,0.428579625887485,3.93006031149325e-19,0.150787358787359,0.0040669240669241,5.53500904173888e-09,1.33282019005164e-14,0.112651072124756,0.179978213507625,0.112651072124756,0.179978213507625,0.348897754897755,0.392878845823342,0.135963391963392,0.0267500357500358,0.55152380952381,0.378540305010893,0.320623781676413,0.372950295468412,0.40926045701349,0.0404093567251462,0.235947712418301,0.00680437580437581,0.0384607464607465,0.562027290448343,0.540566448801743,0,0,0,0,0,0,0,0,0,"RF_700_sqrt(p)*2",0.922363309654609,0.928092592592593,0.932666666666667,0.923333333333333
"101","wisconsin.arff",83.2,72,0.536079404466501,0.463920595533499,0.931720970053775,0.000226608748592891,0.936378274055693,0.00554121863799284,0.00924384328351442,0.0293311764097537,0.890365270606234,0.92462962962963,0.890365270606234,0.92462962962963,0.636293631100083,0.498259210247301,0.485642679900744,0.116894403087952,0.980841466776951,0.664993147191942,0.613411104736406,0.496502156486129,0.500431673011165,0.471628418435647,0.501851851851852,0.127757099531293,0.112022332506204,0.977964237903997,0.984166666666667,0.161546340779619,0.289216432313206,0.252913978494624,0.153229314703421,0.170998768894994,0.276639892904953,0.303796296296296,0.227239591949269,0.278921974083264,"SVM_linear_0.015625",0.622046616241054,0.635366621682411,0.692904761904762,0.568888888888889
"102","witmer_census_1980.arff",20.8,19.2,0.520003126954347,0.479996873045653,0.720887393273647,0.0687639227208581,0.66616416510319,0.362426725036481,0.180704384354687,0.237141689506182,0.71847619047619,0.573157894736842,0.71847619047619,0.573157894736842,0.459746091307067,0.425205814987214,0.333040233479258,0.167789139045237,0.52385126120492,0.416894736842105,0.499428571428571,0.427476237616595,0.422447096565028,0.383666666666667,0.27819298245614,0.125988013341672,0.205373358348968,0.536190476190476,0.510578947368421,0.117909132400326,0.227890243902439,0.165923806545758,0.110865673807502,0.125485690756787,0.178396825396825,0.281350877192983,0.137369606003752,0.211859912445278,"k1.knn_1",0.743024840355814,0.759569023569024,0.720666666666667,0.802333333333333
